<?xml version="1.0" encoding="UTF-8"?>
<mteval><refset><doc><p><seg id="0">good evening , ladies and gentlemen . welcome to our restaurant .</seg></p><p><seg id="1">have you made reservation ?</seg></p><p><seg id="2">i &amp;apos;d like to reserve a table for two at eight o &amp;apos;clock , please .</seg></p><p><seg id="3">we have a window table reserved for you .</seg></p><p><seg id="4">will this table be all right ?</seg></p><p><seg id="5">certainly , i &amp;apos;ll be glad to .</seg></p><p><seg id="6">those who don &amp;apos;t want to swim can sit at the seashore and enjoy yourselves . you can watch the splendid sunset .</seg></p><p><seg id="7">oh , by the way , can you tell me what i should do if the fec is left when i am about to leave .</seg></p><p><seg id="8">i don &amp;apos;t like milk in my coffee .</seg></p><p><seg id="9">don &amp;apos;t mention it , madam . we do apologize for the inconvenience .</seg></p></doc></refset></mteval>