<?xml version="1.0" encoding="UTF-8"?>
<mteval><refset><doc><p><seg id="0">晚上 好  先生  欢迎 来 就餐</seg></p><p><seg id="1">您 预定 座位 了 吗</seg></p><p><seg id="2">你 好  我 订 两 个 人 的 桌 位  我 姓 Briggs</seg></p><p><seg id="3">好 的  我们 为 您 选 了 一 张 靠 窗 的 桌子  请 跟 我 来</seg></p><p><seg id="4">先生  这 张 桌子 可以 吗</seg></p><p><seg id="5">当然 可以  很 不错  谢谢</seg></p><p><seg id="6">不 必 客气  这个 单间 可以 看到 全 市 的 风景  尤其 在 晚上  能 欣赏 到 各式各样 的 灯光 点缀 的 五光十色 的 街道</seg></p><p><seg id="7">那 太 棒 了  顺便 问 一下  这个 单间 靠近 乐池  乐队 演奏 时 会 不 会 太 吵</seg></p><p><seg id="8">我 实在 不 喜欢 他们 在 我 耳边 演奏</seg></p><p><seg id="9">噢  请 别 担心  音乐 十分 轻柔  不 会 给 您 带来 任何 不便</seg></p><p><seg id="10">您 能 不 能 在 这儿 听上 一会儿</seg></p><p><seg id="11">如果 不 喜欢  我 会 给 你 找 别 的 桌位 的</seg></p><p><seg id="12">您 看 这样 可以 吗</seg></p><p><seg id="13">完全 可以  你们 的 服务 做 得 确实 很 周到</seg></p><p><seg id="14">您 太 夸奖 了 先生  这 是 我 份内 的 事</seg></p><p><seg id="15">这 是 菜单  我 过一会儿 回来 请 您 点菜</seg></p><p><seg id="16">诺曼 先生 正 在 享用 最后 一 道 菜  他 发现 和 他 点 的 菜 味道 不同</seg></p><p><seg id="17">对 不 起  先生  我 点 了 一 份 糖醋鱼  而 你 却 把 这个 糖醋 肉 给 了 我</seg></p><p><seg id="18">太 对 不 起 了  先生  很 可能 出 了 差错</seg></p><p><seg id="19">给 您 上 错 了 菜  我 实在 抱歉</seg></p><p><seg id="20">我 马上 给 您 换</seg></p><p><seg id="21">恐怕 我 没有 足够 的 时间 等 了</seg></p><p><seg id="22">七点钟 在 我 房间 里 我 还 有 个 约会</seg></p><p><seg id="23">现在 六点五十分 了</seg></p><p><seg id="24">这样 的话  我 得 去 叫 领班 来  您 稍等</seg></p><p><seg id="25">领班 很 快 就 来 了</seg></p><p><seg id="26">对于 所 发生 的 事 我 深 表 歉意  您 是</seg></p><p><seg id="27">诺曼  约瑟夫·诺曼</seg></p><p><seg id="28">诺曼 先生  如果 您 肯 告诉 我们 您 的 房间 号码  我 会 让 送餐 服务 部 在 今晚 九点半 给 您 送 一 份 夜宵  还 有 您 喜欢 吃 的 粮 醋 鱼  费用 由 饭店 支付</seg></p><p><seg id="29">我们 会 在 您 的 帐单 上 划掉 糖醋 肉 这 道 菜</seg></p><p><seg id="30">那 好 吧  谢谢</seg></p><p><seg id="31">诺曼 先生  谢谢 您 将 这个 情况 告诉 我们  我 向 您 保证 再 不 会 出现 这样 的 事情</seg></p><p><seg id="32">祝您 在 我们 饭店 过 得 愉快</seg></p><p><seg id="33">餐厅 几点 开始 营业</seg></p><p><seg id="34">餐厅 早上 十一点 开始 营业</seg></p><p><seg id="35">餐厅 几 点 打烊</seg></p><p><seg id="36">餐厅 晚上 十点 打烊</seg></p><p><seg id="37">餐厅 几点 开始 供应 早餐</seg></p><p><seg id="38">餐厅 从 早上 六点 到 十点 供应 早餐</seg></p><p><seg id="39">请 问 餐厅 的 营业 时间</seg></p><p><seg id="40">餐厅 的 营业 时间 从 早上 十一点 到 下午 十点</seg></p><p><seg id="41">你们 几 点 灯烊</seg></p><p><seg id="42">我们 到 十点 停止 接受 点菜  请 在 十点 以前 光临  好 吗</seg></p><p><seg id="43">先生  欢迎 您 到 本 店 就餐</seg></p><p><seg id="44">看样子 您 是 第一 次 来 我 店 用餐</seg></p><p><seg id="45">是 的  也 是 我 第一 次 来 华</seg></p><p><seg id="46">欢迎 到 中国 来</seg></p><p><seg id="47">您 喜欢 吃 什么  中餐 还 是 西餐</seg></p><p><seg id="48">我 对 中国 烹饪 感兴趣  你 能 给 我 推荐 几 种 菜 吗</seg></p><p><seg id="49">可以  您 喜欢 吃 什么 风味 的 菜</seg></p><p><seg id="50">我 喜欢 吃 甜食  你们 有 甜食 方面 的 名菜 吗</seg></p><p><seg id="51">有  我 给 你 介绍 一下</seg></p><p><seg id="52">请 问 是 在 这儿 付 钱 吗</seg></p><p><seg id="53">是 的  这 是 您 的 账单</seg></p><p><seg id="54">我 要 付 多少 钱</seg></p><p><seg id="55">我 看 一下  嗯  总共 十二 美元 五十 美分</seg></p><p><seg id="56">请 问 外汇 可以 吗</seg></p><p><seg id="57">对 不 起  只 收 美金</seg></p><p><seg id="58">好吧  给 您 二十 美元</seg></p><p><seg id="59">找 您 七 美元 五十 美分</seg></p><p><seg id="60">谢谢  再见</seg></p><p><seg id="61">对 不尽人意 的 服务 表示 不满</seg></p><p><seg id="62">服务员  我 有 话 要 对 您 讲</seg></p><p><seg id="63">是 的  先生  您 对 一切 都 还 满意 吗</seg></p><p><seg id="64">满意</seg></p><p><seg id="65">我 真 不 明白 你 为什么 会 想到 这样 一 个 词</seg></p><p><seg id="66">不  离 满意 还 差得 远 呢</seg></p><p><seg id="67">我 不 知道 您 要 提出 什么 意见</seg></p><p><seg id="68">我们 已经 等 了 差不多 半 个 小时 了  不 知道 还 要 等 多久 才 能 上 第一 道 菜</seg></p><p><seg id="69">我 对 这 一 点 表示 歉意</seg></p><p><seg id="70">今天 我们 餐厅 的 客人 比 平日 多 一些  除 此 之外  我们 有 一 位 服务员 身体 不 好  刚刚 请假 走 了  不过 我 马上 就 去 处理 这 一 件</seg></p><p><seg id="71">现在 我 先 让 送 酒员 给 您 上 点 饮料 好 吗</seg></p><p><seg id="72">哦  请 等 一下</seg></p><p><seg id="73">我 还 要 指出 这 张 台布 令 人 难以 忍受</seg></p><p><seg id="74">看  这 上面 到处 是 汤渍</seg></p><p><seg id="75">看 上去 这 台布 好久 都 没有 换 了</seg></p><p><seg id="76">啊  对 不 起  先生</seg></p><p><seg id="77">这 台布 是 早该 换 了</seg></p><p><seg id="78">转向 餐厅 杂役</seg></p><p><seg id="79">马上 换 一 块 新 台布 来</seg></p><p><seg id="80">转向 客人</seg></p><p><seg id="81">对 不 起  我 马上 就 回来</seg></p><p><seg id="82">对 不 起  让 您 久 等 啦</seg></p><p><seg id="83">现在 您 可以 慢慢 吃  细细 品尝 了</seg></p><p><seg id="84">服务员  我们 要 结账</seg></p><p><seg id="85">请 问 哪位 结账</seg></p><p><seg id="86">请 把 账单 给 我</seg></p><p><seg id="87">共 七 美元 二十五 美分  给 您</seg></p><p><seg id="88">嗯  我 的 三 美元  您 的 四 美元 二十五 美分  我们 各 付 各 的 吧  亨利</seg></p><p><seg id="89">好 的  这 是 我 的 四 美元 二十五 美分</seg></p><p><seg id="90">今天 有 什么 特色菜</seg></p><p><seg id="91">炸 牡蛎</seg></p><p><seg id="92">牡蛎 我 吃 得 太 多 了  想 换换 口味</seg></p><p><seg id="93">意大利 面食 怎么样</seg></p><p><seg id="94">听 起来 不错  就 尝尝 吧</seg></p><p><seg id="95">您 要 订 席位 吗  先生</seg></p><p><seg id="96">是 的  我 想 明天 订 一 桌 美国 餐</seg></p><p><seg id="97">你 能 为 我 安排 一下 吗</seg></p><p><seg id="98">没 问题  几 点</seg></p><p><seg id="99">上午 10 点</seg></p><p><seg id="100">那 个 比萨 好 大 哦</seg></p><p><seg id="101">从来 没 见 过 那么 大 的</seg></p><p><seg id="102">从来 没 见 过 那么 大 的</seg></p><p><seg id="103">对 我 而 言 很 简单</seg></p><p><seg id="104">我 做 比萨 已 十多 年 了</seg></p><p><seg id="105">你 是 意大利人 吗</seg></p><p><seg id="106">说 真 的  我 的 曾祖父 是 本 世纪 初 从 西西里岛 移民 来 的</seg></p><p><seg id="107">你 会 讲 意大利语 吗</seg></p><p><seg id="108">可能 跟 你 懂得 差不多</seg></p><p><seg id="109">小姐  上 甜点 吗</seg></p><p><seg id="110">有 草莓 派 吗</seg></p><p><seg id="111">草莓派 恐怕 没有 了</seg></p><p><seg id="112">那么 我 就 来 点 香草 冰淇淋</seg></p><p><seg id="113">对 不 起  这个 也 没有 了</seg></p><p><seg id="114">那么  你们 有 什么 呢</seg></p><p><seg id="115">今天 我们 只有 巧克力 蛋糕</seg></p><p><seg id="116">我 不 爱 吃 巧克力  就 来 点 咖啡 吧</seg></p><p><seg id="117">好 的  我 马上 给 你 送来</seg></p><p><seg id="118">先生  你 吃 什么 选好 了 吗</seg></p><p><seg id="119">选好 了  我 想 吃 咖喱 鱼</seg></p><p><seg id="120">你 要 什么 饭后 甜食</seg></p><p><seg id="121">如果 有 水果 就 来 一点</seg></p><p><seg id="122">您 有 订位 吗</seg></p><p><seg id="123">有  是 以 王 先生 的 名字订 的</seg></p><p><seg id="124">我 看看  喔  这儿</seg></p><p><seg id="125">总共 4 位  请 这 边走</seg></p><p><seg id="126">先生  您 喜欢 这里 的 菜 吗</seg></p><p><seg id="127">喜欢  挺 可口 的</seg></p><p><seg id="128">您 认为 哪 一 种 菜 最 好</seg></p><p><seg id="129">嗯  我 不得不 说  所有 的 菜 都 很 可口</seg></p><p><seg id="130">不过  我 倒 是 最 喜欢 番茄 烤鱼</seg></p><p><seg id="131">谢谢 您 的 夸奖</seg></p><p><seg id="132">不过 我们 也 真诚 地 欢迎 您 指出 我们 的 缺点</seg></p><p><seg id="133">您 要 什么样 的 咖啡</seg></p><p><seg id="134">我 要 加 乳糖 的 咖啡</seg></p><p><seg id="135">请 您 稍候  先生</seg></p><p><seg id="136">嗨  格雷 厄姆  很 久 不见 了</seg></p><p><seg id="137">你 好  老 朋友  很 久 不见 了  你 现在 可好</seg></p><p><seg id="138">不错  你 呢</seg></p><p><seg id="139">不 太 好  不妨 对 你 说  我 与 珍妮 分手 了</seg></p><p><seg id="140">噢  真 太 可惜 了  发生 了 什么 事</seg></p><p><seg id="141">给 你 添 了 这么 多 的 麻烦  真 对 不 起</seg></p><p><seg id="142">小事一桩  用 不 着 道歉</seg></p><p><seg id="143">来 城里 时  一定 要 到 我 这儿 来</seg></p><p><seg id="144">很 高兴 接到 你 的 电话  可 3 分钟 后 我 要 开会</seg></p><p><seg id="145">好吧  让 我们 开门见山 吧</seg></p><p><seg id="146">你 很 善解 人意  谢谢</seg></p><p><seg id="147">对 不 起  我 迟到 了</seg></p><p><seg id="148">这 不 是 你 的 错  我 知道 今天 有 交通 堵塞  收音机 刚才 报道 过</seg></p><p><seg id="149">其实  我 应该 早一点 出门 的</seg></p><p><seg id="150">如果 方便 的话  下 一 次 吧</seg></p><p><seg id="151">我 是 索 米 财务部 的 哈德森</seg></p><p><seg id="152">噢  你 好  哈德森 先生</seg></p><p><seg id="153">你 大概 知道 了 吧  我 这个 月 就 要 退休 了</seg></p><p><seg id="154">哦  我 不 知道</seg></p><p><seg id="155">有 位 唐纳德 先生 要 接 我 的 职务</seg></p><p><seg id="156">真 可惜 你 就 要 走 了  退休 后 有 没 有 什么 打算</seg></p><p><seg id="157">我 会 到 一 个 国际 企业 去 当 顾问</seg></p><p><seg id="158">希望 以后 常 保持 联络</seg></p><p><seg id="159">此外  我 还 想 跟 你 谈 一下</seg></p><p><seg id="160">卡罗  我 的 时间 很 有限</seg></p><p><seg id="161">你 能否 简洁 地 告诉 我 你 的 意思</seg></p><p><seg id="162">我 想 知道 你 能否 和 我 一起 去 看 电影</seg></p><p><seg id="163">您 似乎 对 广州 颇为 熟悉</seg></p><p><seg id="164">我 曾 因 公务 多 次 来 过 广州</seg></p><p><seg id="165">那么 我 可以 问 一下 您 要 看 什么 地方 吗</seg></p><p><seg id="166">如果 这 次 您 能 带 我 去 看看 珠江 三角洲  我 会 非常 高兴</seg></p><p><seg id="167">非常 乐意</seg></p><p><seg id="168">我 星期六 晚上 打算 请 几 个 人 过来 吃饭  你 愿意 来 吗</seg></p><p><seg id="169">恐怕 明晚 我 会 很 忙</seg></p><p><seg id="170">那么  另 找 一 个 时间 吧</seg></p><p><seg id="171">好吧  谢谢 你 邀请 我</seg></p><p><seg id="172">你 昨晚 睡好 了 吗</seg></p><p><seg id="173">没有  那 场 风暴 太 可怕 了</seg></p><p><seg id="174">风暴 来时 我 正 乘 着 的士</seg></p><p><seg id="175">一些 树 被 风 吹倒 了  很多 街道 都 因 暴风雨 积满 了 水  而 交通 受阻 了 几乎 两 小时</seg></p><p><seg id="176">你 什么 时候 回到 家 呢</seg></p><p><seg id="177">晚上 11 点钟</seg></p><p><seg id="178">但 最 糟糕 的 是 我 家 也 积満 了 水</seg></p><p><seg id="179">太 可怕 了  但 我 还是 认为 我们 比起 那些 丧失 家园 的 人 要 幸运</seg></p><p><seg id="180">听说 在 风暴 中  有 三 个 人 丧生</seg></p><p><seg id="181">这 消息 太 糟糕 了</seg></p><p><seg id="182">喂  莎莉  本 周末 在 我 家 有 一 个 自助餐 聚会  你 能 来 参加 吗</seg></p><p><seg id="183">什么 叫 自助餐 聚会 呀</seg></p><p><seg id="184">就 是 客人 自带 食物</seg></p><p><seg id="185">我们 在 美国 时学 的</seg></p><p><seg id="186">听 起来 怪 有趣 的  但 我 带 什么 去 呀</seg></p><p><seg id="187">你 认为 特别 的 任何 东西 都 可以</seg></p><p><seg id="188">乔 服务站  有 什么 事 吗</seg></p><p><seg id="189">我 的 车 抛锚 了</seg></p><p><seg id="190">请 你们 派 一 辆 拖车 来 好 吗</seg></p><p><seg id="191">请 问 你 的 姓名 和 所在 地点</seg></p><p><seg id="192">我 在 林肯街  第三 国际 银行 前面  我 叫 大卫·哈德生</seg></p><p><seg id="193">好 的  我 立刻 派 一 辆 拖车 去  请 你 等 一下</seg></p><p><seg id="194">听到 昨天 晚上 的 新闻 报道 那 场 火灾  我 很 吃惊</seg></p><p><seg id="195">你 还 好 吧</seg></p><p><seg id="196">很 幸运  还 好</seg></p><p><seg id="197">不过 不 知道 什么 时候 才 能 重新 正常 作业</seg></p><p><seg id="198">真是 不幸  希望 损失 不 要 太 惨重 才 好</seg></p><p><seg id="199">还好  谢谢 你 的 电话 慰问</seg></p><p><seg id="200">我 为 对 你 的 误解 表示 歉意</seg></p><p><seg id="201">不 要 再 去 想 它 了</seg></p><p><seg id="202">希望 在 以后 的 日子 里 我们 能 更 多 地 相互 了解</seg></p><p><seg id="203">坦白 地 说 我 累 了  我们 休息 一下 好 吗</seg></p><p><seg id="204">好 的  我们 都 累 了</seg></p><p><seg id="205">今天 就 到此为止 吧  我们 下 次 再 解释 第三 部分</seg></p><p><seg id="206">没 去 参加 您 的 聚会  真 抱歉</seg></p><p><seg id="207">没 关系</seg></p><p><seg id="208">您 知道 我 得 带 妹妹 去 医院</seg></p><p><seg id="209">那 当然 更 重要</seg></p><p><seg id="210">祝 你们 夫妻 幸福 快乐</seg></p><p><seg id="211">谢谢  很 高兴 你 能 来 参加 我们 的 婚礼</seg></p><p><seg id="212">我 是 无论 如何 要 来 的</seg></p><p><seg id="213">对 不 起  我 刚才 无意 中 听到 你 好像 提到 杰克 . 戴维森</seg></p><p><seg id="214">是 啊  杰克 被 选为 委员会 的 主席 了</seg></p><p><seg id="215">那 约翰 呢</seg></p><p><seg id="216">约翰 仅 以 20 票 之 差 而 落选</seg></p><p><seg id="217">喂  我 的 信用卡 搞丢 了  我 要 把 它 作废</seg></p><p><seg id="218">好 的  先生</seg></p><p><seg id="219">请 告诉 我 您 的 全名 和 信用卡 号码</seg></p><p><seg id="220">David 黄  H-U-A - N-G</seg></p><p><seg id="221">信用卡 号码 是 BK 1118882822</seg></p><p><seg id="222">先生  这 张 信用卡 立即 就 会 作废</seg></p><p><seg id="223">我们 会 马上 免费 补发 一 张新卡 给 您</seg></p><p><seg id="224">您 要 我们 寄到 哪里 呢</seg></p><p><seg id="225">我 想 我 还是 自己 到 你们 本地 的 办事处 去 拿好 了</seg></p><p><seg id="226">这儿 有 什么 有趣 的 东西 可 看 吗</seg></p><p><seg id="227">有 很多 可 看 的 地方 : 边疆  幻境  未来 和 冒险</seg></p><p><seg id="228">你 最 喜欢 的 是 什么</seg></p><p><seg id="229">我 觉得 他们 都 很 棒</seg></p><p><seg id="230">我 没有 想到 在 超级 市场 里 能 买 得到 维生素</seg></p><p><seg id="231">是 吗  为什么 呢</seg></p><p><seg id="232">在 北京  我们 通常 去 药房 买  而且 比较 便宜</seg></p><p><seg id="233">这样 的话  你 在 停留 期间 应该 多 买 些</seg></p><p><seg id="234">不过  种类 有 那么 多  我 不 知道 该 买 哪 一 种 才 好</seg></p><p><seg id="235">也许 我 可以 帮 你</seg></p><p><seg id="236">你 需要 维生素 C 吗</seg></p><p><seg id="237">多 长 时间充 一 次 电</seg></p><p><seg id="238">正常 情况 下 大约 8 小时  先生</seg></p><p><seg id="239">我 相信 孩子 会 喜欢 它 的</seg></p><p><seg id="240">我 先 看看 它 是 如何 操纵 的</seg></p><p><seg id="241">并 没有 什么 复杂 的</seg></p><p><seg id="242">操纵 起来 与 真 飞机 一样  只 不过 更 简单 些  是 给 小孩子 预备 的</seg></p><p><seg id="243">这些 网球拍 多少 钱</seg></p><p><seg id="244">这 是 200 元  而 这 是 180 元</seg></p><p><seg id="245">200 元 太 贵 了  而 180 元 也 还是 太 贵 了</seg></p><p><seg id="246">我 可以 看 便宜 一点 的 吗</seg></p><p><seg id="247">抱歉  我们 只有 这些</seg></p><p><seg id="248">我 知道 了  我 很 喜欢 这个 180 元 的 网球拍</seg></p><p><seg id="249">你们 可否 打 七五折</seg></p><p><seg id="250">对 不 起  我们 这儿 是 不 二 价</seg></p><p><seg id="251">有 《 英语 口语 课本 》 吗</seg></p><p><seg id="252">你 要 什么 版本 的</seg></p><p><seg id="253">当然 是 要 最近 出版 的 啦</seg></p><p><seg id="254">我们 有 平装本 和 精装本</seg></p><p><seg id="255">你 要 哪 一 种</seg></p><p><seg id="256">我 想 我 还是 要 精装 本 吧  因为 精装本 的 要 耐用 些</seg></p><p><seg id="257">这个 决定 不错</seg></p><p><seg id="258">多 漂亮 的 女衫 啊</seg></p><p><seg id="259">是 啊  我们 有 多 种 款式 和 颜色</seg></p><p><seg id="260">我 适合 穿 什么 款式 的</seg></p><p><seg id="261">我 想 这 件 长袖 女衫 适合 你</seg></p><p><seg id="262">什么 布料  棉 的  丝绸 的  还是 亚麻 的</seg></p><p><seg id="263">亚麻布 做 的</seg></p><p><seg id="264">好 的  那 我 买 两 件</seg></p><p><seg id="265">你 还 想 看看 其他 颜色 吗</seg></p><p><seg id="266">蓝色 的 有 存货 吗</seg></p><p><seg id="267">没有  蓝色 的 过时 了</seg></p><p><seg id="268">那么 翠绿色 的 吧</seg></p><p><seg id="269">总共 多少 钱</seg></p><p><seg id="270">四百八十 美元</seg></p><p><seg id="271">有 什么 我 可以 为 您 效劳 的 吗</seg></p><p><seg id="272">是 的  我 想 知道 你 是否 可以 帮 我 找到 一些 这个 城市 的 旅游 指南</seg></p><p><seg id="273">那 个 题材 我们 有 各 种 不同 的 书</seg></p><p><seg id="274">有些 相当 概括  有些 则 相当 专门</seg></p><p><seg id="275">我 想 概括性 的 就 可以 了</seg></p><p><seg id="276">那样 的话  也许 这 本 书 较 好</seg></p><p><seg id="277">太 好 了  我 就 买 那 本</seg></p><p><seg id="278">我 想 买 个 手提箱</seg></p><p><seg id="279">提箱 在 这里</seg></p><p><seg id="280">这些 制作 得 非常 好</seg></p><p><seg id="281">这些 很 牢固</seg></p><p><seg id="282">来 一 个 这 种 的 如何</seg></p><p><seg id="283">好 是 好  但是 太 小 了</seg></p><p><seg id="284">我 要 大 一点 的</seg></p><p><seg id="285">嗯  这些 怎么样</seg></p><p><seg id="286">这些 是 我们 这儿 最 大 的 了</seg></p><p><seg id="287">是 的  差不多 就 这 大小</seg></p><p><seg id="288">这个 多少 钱</seg></p><p><seg id="289">85 块 钱</seg></p><p><seg id="290">小姐  您 要 买 什么</seg></p><p><seg id="291">我 要 买 一 个 乳罩</seg></p><p><seg id="292">要 什么 特殊 样式 吗</seg></p><p><seg id="293">我 先 看看 再 买</seg></p><p><seg id="294">请 拿 这个 看看</seg></p><p><seg id="295">可以  这 是 名牌</seg></p><p><seg id="296">你们 有 同样 颜色带 衬垫 的 乳罩 吗</seg></p><p><seg id="297">有的  您 看 这个 衬垫 带 花边 的 怎么样</seg></p><p><seg id="298">要 多少 钱</seg></p><p><seg id="299">14.5 美元</seg></p><p><seg id="300">如果 你 买 一 套 包括 内裤 在内  总共 是 35 美元</seg></p><p><seg id="301">但 如果 单 买 内裤 则 要 26.5 美元</seg></p><p><seg id="302">那么 我 就 要 一 套 带 内裤 的</seg></p><p><seg id="303">这 件 裙子 可以 退钱 吗</seg></p><p><seg id="304">有 什么 问题 吗</seg></p><p><seg id="305">有 啊  这 条 裙子 有 瑕疵  看到 没</seg></p><p><seg id="306">我 买 的 时候  没有 注意 到 这个 洞</seg></p><p><seg id="307">哦  实在 很 抱歉</seg></p><p><seg id="308">如果 你 愿意 的话  可以 换 另外 一 件</seg></p><p><seg id="309">如果 你们 有 完全 一样 的 —— 同样 颜色  同样 款式  同样 尺寸  当然 愿意</seg></p><p><seg id="310">这 一 件 是 同样 的 尺寸 和 颜色</seg></p><p><seg id="311">但是 款式 不同</seg></p><p><seg id="312">哦  我 想 我 别 无 选择 了  就 换 这 件 吧</seg></p><p><seg id="313">请 问 要 些 什么  太太</seg></p><p><seg id="314">是 的  我 想 买 一 台 电扇</seg></p><p><seg id="315">哦  很 抱歉</seg></p><p><seg id="316">电扇 现在 缺货</seg></p><p><seg id="317">那么  什么 时候 能 供货</seg></p><p><seg id="318">大概 明天 早上</seg></p><p><seg id="319">那 我 明天 来 买</seg></p><p><seg id="320">很 抱歉  给 您 造成 不便</seg></p><p><seg id="321">第二 天</seg></p><p><seg id="322">有 什么 好 消息 吗</seg></p><p><seg id="323">哎  谈 不 上 什么 好 消息  但 我 还是 抱 有 希望 的</seg></p><p><seg id="324">收到 你们 总 公司 的 复电 了 吗</seg></p><p><seg id="325">收到 一 封 长 电  实际上 报盘 内容 没 什么 新 东西</seg></p><p><seg id="326">你是 说 价格 还是 和 昨天 一样 吗</seg></p><p><seg id="327">是 的  价格 没有 变  但 我 必须 指出  兽脂 市场 一直 是 不 疲软 的</seg></p><p><seg id="328">由于 最近 的 货币 危机  情况 不 见 任何 好转</seg></p><p><seg id="329">能 告诉 我 更 多 市场 情况 吗</seg></p><p><seg id="330">我 相信 你们 一直 注视 着 市场 供应 情况  了解 情况 不 比 我们 少</seg></p><p><seg id="331">请 告诉 我  你们 那里 的 供应 情况 怎样</seg></p><p><seg id="332">你 是 知道 的  商品 市场 行情 多变  就 兽脂 供应 来说  世界 其他 地区 客户 的 需求量 很 大  行市 形势 看涨  十分 坚挺</seg></p><p><seg id="333">希望 你 能 理解 我们 的 处境</seg></p><p><seg id="334">听 你 这么 一 说  前景 不 太 妙</seg></p><p><seg id="335">你 老远 从 澳大利亚 来到 这里  却 告诉 我们 这么 一 个 前景 暗淡 的 消息  确实 令 人 失望</seg></p><p><seg id="336">情况 不致于 那么 坏 吧</seg></p><p><seg id="337">你 也许 记得 我 曾经 提醒 你们 考虑 桶装 兽脂</seg></p><p><seg id="338">这个 商品 的 供应 情况 稍好 一些</seg></p><p><seg id="339">如果 你们 愿意 接受 的话  我们 可以 按 你们 所 需用 的 数量 供应</seg></p><p><seg id="340">对 桶 装 兽脂 我们 不 感 兴趣  原因 很 简单  价格 比 散装 的 更 高</seg></p><p><seg id="341">我 知道</seg></p><p><seg id="342">但是 兽脂 的 国际 行市 趋势 坚挺</seg></p><p><seg id="343">要 搞到 大 数量 的 散装 兽脂  又 要 近期 交货  是 不 容易 的</seg></p><p><seg id="344">我 可以 告诉 你  印度 刚 向 市场 发出 采购 六千 吨 的 询价</seg></p><p><seg id="345">这 肯定 会 影响 到 我们 市场  同时 也 会 影响 到 美国 和 加拿大</seg></p><p><seg id="346">我们 知道  问题 是 他们 是否 愿意 接受 这么 高 的 价格</seg></p><p><seg id="347">不管 怎么 说  眼前 没有 大量 的 货</seg></p><p><seg id="348">根据 目前 形势  我们 只 能 按 昨天 的 报价 供应 一千 吨 散装 兽脂</seg></p><p><seg id="349">如果 你 能 说服 你们 用户 接受 桶装 兽脂 的话  我们 可以 尽力 多 供 一些  比如 说 三千 吨 吧  桶 和 装桶费  每 吨 加收 45 美元</seg></p><p><seg id="350">对 不 起  我 不 能 接受 你 的 建议</seg></p><p><seg id="351">那 就 没有 别的 办法  只好 今晚 再 给 家里 打 长途 电话  看 怎么 办好</seg></p><p><seg id="352">那 好  我 希望 尽快 听到 你 的 答复</seg></p><p><seg id="353">如果 你 能 还 盘 的话 就 好 了</seg></p><p><seg id="354">这 恐怕 不 可能</seg></p><p><seg id="355">我们 不 会 大批 定货 的  除非 你们 提出 具体 的 建议  并且 降低 价格</seg></p><p><seg id="356">不过 考虑 我们 之间 的 友谊  我们 愿意 后天 再 同 你 谈判</seg></p><p><seg id="357">那 好 吧  我 马上 和 总公司 联系</seg></p><p><seg id="358">嗯  看来 你 对 这个 问题 已 考虑 了 很多  有 什么 具体 的 方案 吗</seg></p><p><seg id="359">有  能 不 能 这样</seg></p><p><seg id="360">假如 次品率 是 1%  那么 赔偿率 为 合同 总值 的 1%</seg></p><p><seg id="361">大于 2% 到 5%</seg></p><p><seg id="362">等 一下</seg></p><p><seg id="363">你 能 不 能 先 给 我 一 个 关于 次品 的 明确 定义</seg></p><p><seg id="364">任何 次品 : 扣眼 针脚不匀  衣服 上 有 污痕  锁边 不 当  辅料 遗漏  贴错 标签 等等</seg></p><p><seg id="365">我 认为 这些 次品 可 分为 两 类  我们 应该 为 它们 分别 规定 不同 的 赔偿率</seg></p><p><seg id="366">合情 合理</seg></p><p><seg id="367">不过 你 怎么 对 这些 次品 分类 呢</seg></p><p><seg id="368">第一 类 为 重大 次品  比如 辅料 遗漏  衣服 上 有 污痕  这些 缺陷 将 导致 衣服 无法 出售</seg></p><p><seg id="369">第二 类 为 轻度 次品  例如 针脚不匀  锁边 不当  这些 次品 不 会 使 衣服 卖 不 出去</seg></p><p><seg id="370">因此  货物 必须 在 八月 十日 前 离开 新港  才 能 在 九月 一日 抵达</seg></p><p><seg id="371">唔  你 的 时间 确实 很 紧</seg></p><p><seg id="372">也许 你 该 早点 订货</seg></p><p><seg id="373">我 希望 早点 订货  但 人们 对 服装 的 喜好 变化 太 快</seg></p><p><seg id="374">因此  为了 更 好 的 预测 哪 一 种 样式 能 蠃得 顾客  我们 有时 要 等到 离 销售 季节 只 剩 两  三 个 月 时间</seg></p><p><seg id="375">离 销售 季节 越 近  我们 的 预测 就 越 准</seg></p><p><seg id="376">我 明白 了  不过 这样一来  服装 制造商 承受 的 压力 就 更 大 了</seg></p><p><seg id="377">确实 如此  这 也 是 为什么 现在 服装 制造商们 不 光 在 质量 和 价格 上  而且 在 交货 速度 上 展开 竞争</seg></p><p><seg id="378">你 交货 越 快  得到 的 订单 就 越 多</seg></p><p><seg id="379">李康  我 愿意 早点 交货  但 我 的 工厂 已经 满 负荷 运转 了</seg></p><p><seg id="380">你 能否 重新 安排 一下 你 的 计划  照顾 一下 我 的 订货</seg></p><p><seg id="381">行  我 重新 安排 生产 计划</seg></p><p><seg id="382">但是  我 最 多 能 做到 提前 五 天  也 就 是 八月 十五日 交货</seg></p><p><seg id="383">非常 感谢  不过 还 能 再 早 几 天 吗  李 先生</seg></p><p><seg id="384">抱歉  不 能 再 早 了</seg></p><p><seg id="385">好吧  就 这么 定 了</seg></p><p><seg id="386">八月 十五日</seg></p><p><seg id="387">很 抱歉 通知 您  我们 发觉 前不久 发送 给 你们 的 那 批货 里 有 一些 瑕疵品</seg></p><p><seg id="388">哦  你们 公司 向来 很少 会 出 这 种 状况  不 是 吗</seg></p><p><seg id="389">嗯  谢谢 您 的 夸奖</seg></p><p><seg id="390">那 现在 我们 要 怎么 办 呢</seg></p><p><seg id="391">我们 希望 您 能 把 整 批货 寄送 回来  我们 会 马上 补 寄 一 批货 过去</seg></p><p><seg id="392">好  我们 照办</seg></p><p><seg id="393">早安  艾默森 先生  我 希望 您 的 旅游 一直 都 很 愉快</seg></p><p><seg id="394">谢谢 你  我 一直 过 得 愉快</seg></p><p><seg id="395">这 是 您 第一 次 来 日本 吗</seg></p><p><seg id="396">是 的  以前 开始 我 太太 常 跟 我 说 要 来 日本 玩</seg></p><p><seg id="397">啊  这 次 旅行 您 家人 和 您 一起 来 了 吗</seg></p><p><seg id="398">嗯  我 太太 一起 来 了  因为 这 次 是 出差  所以 我们 没 带 孩子 来</seg></p><p><seg id="399">王 先生  你 好</seg></p><p><seg id="400">我 打 电话 是 为 下 周 我 去 纽约 的 事 做些 安排</seg></p><p><seg id="401">我 去 拿 文件  不 会 太 久  噢  我 找到 了</seg></p><p><seg id="402">我 想 把 在 那儿 的 整个 安排 再次 确认 一下  您 顺便 记 下来</seg></p><p><seg id="403">那样 的话  我 马上 去 你 办公室</seg></p><p><seg id="404">我 想 取消 预订</seg></p><p><seg id="405">取消 你 自己 的 预订 还 是 别人 的 预订</seg></p><p><seg id="406">我 的 老板 鲍勃·沃特 博士 的 预订</seg></p><p><seg id="407">好 的  我 将 取消 沃特 博士 自 7 月 12 日 起 住 两 晚 的 预约</seg></p><p><seg id="408">我们 期待 着 再次 为 您 服务</seg></p><p><seg id="409">我 对 你们 的 餐厅 服务 十分 不满</seg></p><p><seg id="410">一 个 服务员 对 我 非常 无礼</seg></p><p><seg id="411">真是 抱歉  先生</seg></p><p><seg id="412">我 会 立即 同 餐饮部 经理 联系  他 将 处理 这 件 事</seg></p><p><seg id="413">把 您 的 房间号 和 姓名 告诉 我 好 吗</seg></p><p><seg id="414">沃特  4052 房间</seg></p><p><seg id="415">沃特 先生  请 接受 我 代表 酒店 向 您 道歉</seg></p><p><seg id="416">我 姓 吴  十六 号 房</seg></p><p><seg id="417">请 问 我 朋友 纳 先生 的 房间 号码 是 多少</seg></p><p><seg id="418">纳 先生 在 五十 号 房  他 的 电话 号码 也 是 五十</seg></p><p><seg id="419">加州 旅馆 服务台  有 什么 事 吗</seg></p><p><seg id="420">我 叫 琼斯  今早 离开 饭店 的</seg></p><p><seg id="421">真 不 巧 我 把 文件 留 在 房间 里 没 拿走</seg></p><p><seg id="422">先生  你 的 房间号</seg></p><p><seg id="423">我 记得 是 1531 房间</seg></p><p><seg id="424">你 把 它 放 在 哪里 了</seg></p><p><seg id="425">在 桌子 的 最 上面 那 个 抽屉 里</seg></p><p><seg id="426">我 知道 了  我 会 尽量 找找 看  然后 再 打 电话 给 你</seg></p><p><seg id="427">请 你 打到 123-4567 来 找 我</seg></p><p><seg id="428">下午 好  我 想 询问 一下 关于 账单 的 问题</seg></p><p><seg id="429">这儿 是 您 的 洗衣 账单</seg></p><p><seg id="430">让 我 看看  洗衣 费 太 贵 了</seg></p><p><seg id="431">弄错 了 吧</seg></p><p><seg id="432">噢  我 核对 一下 洗衣 服务 记录</seg></p><p><seg id="433">我 只 洗 过 三 次 衣服  这 不 可能</seg></p><p><seg id="434">是 的  我 想 是 弄错 了</seg></p><p><seg id="435">啊  对 不 起  我 等 一下 再 过来</seg></p><p><seg id="436">没 关系  现在 打扫 一下 也 好</seg></p><p><seg id="437">你 在 打扫 时  我 可以 待 在 这里 吗</seg></p><p><seg id="438">没 关系  今天 天气 很 好  不 是 吗</seg></p><p><seg id="439">是 不错  等 一下 我 想 去 动物园</seg></p><p><seg id="440">您 要 存 什么 吗</seg></p><p><seg id="441">是 的  我 要 用 一 个 保险箱</seg></p><p><seg id="442">这个 大小 的 保险箱 合适 吗</seg></p><p><seg id="443">让 我 看一下  很 好</seg></p><p><seg id="444">请 您 留心 保管 这 把 钥匙  因为 没有 备用 的</seg></p><p><seg id="445">请 稍候  我 查 一下 是否 有 空房</seg></p><p><seg id="446">让 您 久等 了  4 月 15 日 有 双 人 房间</seg></p><p><seg id="447">明白 了  房间 的 价格 如何 呢</seg></p><p><seg id="448">有 100 美元 和 150 美元 两 种  您 喜欢 哪 一 种</seg></p><p><seg id="449">100 美元 那 种 听 起来 还 可以</seg></p><p><seg id="450">有 可 住 两 夜 的 单人 房间 吗</seg></p><p><seg id="451">有的  不过 只有 顶层 的 房间</seg></p><p><seg id="452">房租 多少</seg></p><p><seg id="453">4.50 英镑  包括 服务费 和 电视 收看费</seg></p><p><seg id="454">够 合算 的  你 能 带 我 看看 房间 吗</seg></p><p><seg id="455">当然 可以  请 跟 我 来 好 吗</seg></p><p><seg id="456">我 想 干洗 这 件 外套</seg></p><p><seg id="457">对 不 起  我们 没有 专门 的 洗衣 设备</seg></p><p><seg id="458">真 麻烦</seg></p><p><seg id="459">真 对 不 起  我们 帮 不 了 忙  小姐</seg></p><p><seg id="460">这 不 是 你 的 过错</seg></p><p><seg id="461">请 在 这里 登记 一下 好 吗  先生</seg></p><p><seg id="462">好 的  房间 在 哪儿</seg></p><p><seg id="463">在 3 楼</seg></p><p><seg id="464">您 的 房号 是 3051</seg></p><p><seg id="465">行李员 将 替 您 搬 行李  并且 领 您 到 房间</seg></p><p><seg id="466">服务员 吗</seg></p><p><seg id="467">我 是 哈德  771 号房</seg></p><p><seg id="468">我 刚 回到 我 的 房间  却 发现 有 人 进来 过</seg></p><p><seg id="469">好 的  我 会 立刻 派人 到 你 的 房间 去  然后 报警</seg></p><p><seg id="470">你 出去 时 没 锁门 吗</seg></p><p><seg id="471">不  我 肯定 出去 时 锁好 了 门</seg></p><p><seg id="472">可是 回来 时 门 是 开 着 的</seg></p><p><seg id="473">请 不 要 碰 任何 一样 东西  我们 的 安全 警卫 马上 就 来</seg></p><p><seg id="474">我 知道 了  谢谢 你</seg></p><p><seg id="475">作为 新手  我 怎样 熟悉 球性</seg></p><p><seg id="476">别 着急  伙计</seg></p><p><seg id="477">有 种 练习 可以 帮助 你 熟悉 球性</seg></p><p><seg id="478">你 要 我 从 什么 开始 学起</seg></p><p><seg id="479">我们 先 从 球 绕 身体 和 用 身体 传球 开始</seg></p><p><seg id="480">右手 握 球  从 腰 前 把 球 传到 腰 后  再 传到 左手  用 左手 将 球 带回 腰 前</seg></p><p><seg id="481">如此 重复 10 次</seg></p><p><seg id="482">然后 改变 练习 方向  左手 握球于 腰部 前方  传球 至 腰 后  右手 接 过 球 带回 腰 前</seg></p><p><seg id="483">照此 重复 10 次</seg></p><p><seg id="484">这样 练习 的 目的 是 什么</seg></p><p><seg id="485">这些 是 基本 技术</seg></p><p><seg id="486">记住  你 的 第一 个 目标 是 不 能 掉 球  第二 个 目标 是 带球 时 不 能 看球</seg></p><p><seg id="487">裁判员 的 职责 是 什么</seg></p><p><seg id="488">他 的 职责 是 使 比赛 按 规则 进行</seg></p><p><seg id="489">那 什么 是 犯规 呢</seg></p><p><seg id="490">如果 运动员 对 对方 队员 做出绊  踢  打  阻挡 或 拉人 等 行为 即为 犯规</seg></p><p><seg id="491">裁判 怎样 处罚 犯规 运动员</seg></p><p><seg id="492">他 可以 罚 队员 出场 吗</seg></p><p><seg id="493">对 一般 犯规  裁判员 判罚 任意球</seg></p><p><seg id="494">第一 次 故意 犯规 裁判员 可以 亮 黄牌  第二 次 故意 犯规 裁判员 就 可以 亮 红牌  该 队员 则 被 罚 出场 外</seg></p><p><seg id="495">克里  什么 叫 越位</seg></p><p><seg id="496">在 对方 半场  本 方 队员 向前 传球 时  接球 队员 与 球门 之间 的 对方 队员 少于 两 名 即为 越 位</seg></p><p><seg id="497">什么 情况 构成 犯规</seg></p><p><seg id="498">如果 对 对方 队员 做出绊  踢  打  阻挡 及 拉人 等 行为 即为 犯规</seg></p><p><seg id="499">如何 处罚 呢</seg></p><p><seg id="500">如果 只 是 一般 犯规  裁判员 可 判罚 任意球</seg></p><p><seg id="501">如果 是 故意 犯规  犯规 队员 可能 会 被 亮 黄牌</seg></p><p><seg id="502">如果 再次 有意 犯规  可能 就 会 被 亮 红牌  被 罚 下场</seg></p><p><seg id="503">你 认为 这 是 阻止 球场 暴力 的 有效 途径 吗</seg></p><p><seg id="504">从 某 种 程度 上 来说  是 的</seg></p><p><seg id="505">什么 时候 罚 点球</seg></p><p><seg id="506">在 禁区 内 严重 犯规 时  就 会 被 判罚 点球</seg></p><p><seg id="507">你 今天 怎么 对 足球 这么 感 兴趣</seg></p><p><seg id="508">我 弄到 了 一 张 阿根廷队 对 波兰队 的 票</seg></p><p><seg id="509">上 星期六 的 网球赛 你 看 了 吗</seg></p><p><seg id="510">谁 打 的</seg></p><p><seg id="511">当然 是 我们 最 喜欢 的 网球手 张德培</seg></p><p><seg id="512">噢  是 他 呀  我 喜欢 看 他 打球  我 觉得 他 特棒</seg></p><p><seg id="513">他 打 得 怎么样</seg></p><p><seg id="514">他 赢 了  但 打 得 很 艰苦</seg></p><p><seg id="515">他 跟 谁 打</seg></p><p><seg id="516">他 跟文斯·斯巴第尔 打</seg></p><p><seg id="517">我 想 斯 巴 第尔 以为 自己 要 赢 了  可 后来 却 失常 了  张便 发起 进攻</seg></p><p><seg id="518">如果 斯巴第尔 赢 了  就 说明 张 肯定 没 打好</seg></p><p><seg id="519">我 知道 张 击败 了 他 好几 回 了</seg></p><p><seg id="520">对  他 前半场 比赛 没 打好</seg></p><p><seg id="521">我 觉得 张 是 最终 的 网球 赢家</seg></p><p><seg id="522">是 的  比赛 中 他 看 上去 都 抬不动 脚 了  但是 他 坚持 奋力 击球  直 到 耗尽 了 斯巴第尔 的 体力  赢得 了 比赛  那 场 比赛 持续 了 将近 4 个 钟头</seg></p><p><seg id="523">比赛 后 他 只 能 来回渡 步  没法 坐 下来  生怕 全身 肌肉 痉挛</seg></p><p><seg id="524">嚯  他 确实 有 必胜 的 决心</seg></p><p><seg id="525">我 就 是 因为 这个 喜欢 看 他 打球</seg></p><p><seg id="526">Astros 队 今年 打 得 怎么样 呢</seg></p><p><seg id="527">领先 两 场 而 成为 第一 名</seg></p><p><seg id="528">你 认为 他们 今年 会 赢 吗</seg></p><p><seg id="529">嗯  他们 是 很 年轻 的 队伍  而 Dodgers 队 也 越 来 强 了</seg></p><p><seg id="530">你 常 来 看 职业 棒球赛 吗</seg></p><p><seg id="531">你 昨晚 去 看 排球赛 去 成 了 吗</seg></p><p><seg id="532">去 成 了  我 真 幸运  史密斯 先生 把 他 的 票给 了 我</seg></p><p><seg id="533">谁 赢 了</seg></p><p><seg id="534">中国队 赢 了  但 比分 十分 接近</seg></p><p><seg id="535">遗憾 的 是 我 没 看到 这 场 比赛</seg></p><p><seg id="536">租 辆 小型车 要 多少 钱</seg></p><p><seg id="537">日租 是 2.20 英镑  周租 是 15 英镑</seg></p><p><seg id="538">那 好  我 想 下 星期五 订 一 辆 车</seg></p><p><seg id="539">你 的 驾驶 执照 是 正式 的 吗</seg></p><p><seg id="540">是 的  从 1968 年 起 我 就 有 驾驶 执照 了</seg></p><p><seg id="541">好  你 只要 填 这 张 表  我 就 给 你 订 一 辆</seg></p><p><seg id="542">你 初 次 到 这里  对 不 对</seg></p><p><seg id="543">是 的  你 是 怎么 知道 的</seg></p><p><seg id="544">我 是 根据 你 的 口音  以及 你 似乎 还 没 确定 要 到 哪儿 去 来 判断 出来 的</seg></p><p><seg id="545">我 不得不 承认  我 实在 不 知道 要 去 哪儿</seg></p><p><seg id="546">我 只 是 想 参观 此 地 的 某些 地方</seg></p><p><seg id="547">你 需要 我 的 建议 吗</seg></p><p><seg id="548">当然  你 认为 我 到 什么 地方 去 好 呢</seg></p><p><seg id="549">不妨 去 海 边</seg></p><p><seg id="550">今天 到 海边 去 最 好 了  那里 有 许多 人</seg></p><p><seg id="551">租 一 辆 IMP 车 要 多少 钱</seg></p><p><seg id="552">2.75 英镑 一 天 或者 15.50 英镑 一 周</seg></p><p><seg id="553">下 个 周末 我 能 租 辆 车 吗</seg></p><p><seg id="554">你 有 有效 的 驾驶 执照 吗</seg></p><p><seg id="555">有  我 从 十八 岁 起 就 一直 开车</seg></p><p><seg id="556">好 的  现在 你 填 一下 这 张 表 就 行 了</seg></p><p><seg id="557">为什么 要 加倍 收费</seg></p><p><seg id="558">农历 春节 期间  我们 一向 都 这么 做</seg></p><p><seg id="559">唔  我 知道 了</seg></p><p><seg id="560">对 不 起  我 应该 早点 告诉 你</seg></p><p><seg id="561">是 这 条 路 吗</seg></p><p><seg id="562">对  这 一 条  在 下 一 个 十字 路口 停车</seg></p><p><seg id="563">我 应该 在 十字路口 前 停车  还是 过 了 十字路 口 后</seg></p><p><seg id="564">请 在 十字路口 前 停车</seg></p><p><seg id="565">可 不 可以 请 你 把 空调 关掉</seg></p><p><seg id="566">我 希望 空调 开 着</seg></p><p><seg id="567">那 你 可以 关 小 一点 吗</seg></p><p><seg id="568">抱歉  我 想 维持 现状</seg></p><p><seg id="569">我们 可以 听 点别 的 吗</seg></p><p><seg id="570">我 要 收听 有关 车祸 的 新闻 报导</seg></p><p><seg id="571">那 好 吧  没 关系</seg></p><p><seg id="572">一向 都 是 如此 吗</seg></p><p><seg id="573">是 的  很 难 相信 吧</seg></p><p><seg id="574">交通 阻塞 好 严重</seg></p><p><seg id="575">前面 的 道路 正在 施工</seg></p><p><seg id="576">那 我 可 不 知道  先生</seg></p><p><seg id="577">相信 我</seg></p><p><seg id="578">我 对 这 一 带 了如指掌</seg></p><p><seg id="579">好吧  我 相信 你</seg></p><p><seg id="580">我 想 订 一 个 到 纽约 的 机位</seg></p><p><seg id="581">您 想要 何时 动身</seg></p><p><seg id="582">越 早 越 好</seg></p><p><seg id="583">先生  我 查查 看 哪 一 个 班次 有 机位</seg></p><p><seg id="584">我 已经 有票 了  只是 要 确认 一下 机位</seg></p><p><seg id="585">我 安排 您 搭乘 早上 7 点 30 分 联合 航空 公司 002 班次</seg></p><p><seg id="586">对 不 起  请 你 帮 我 看 一下 手提箱 好 吗</seg></p><p><seg id="587">我 只要 打个 电话 就 好 了</seg></p><p><seg id="588">当然  但是 需要 很 久 吗</seg></p><p><seg id="589">不  我 马上 就 回来</seg></p><p><seg id="590">好  那么 我 会 看管 它 的</seg></p><p><seg id="591">到 时间 说 再见 了</seg></p><p><seg id="592">这么 快  好像 你 刚 到 这儿</seg></p><p><seg id="593">我 也 感到 如此  但 人们 说 天下 无 不 散 的 宴席</seg></p><p><seg id="594">能够 再次 见到 你 并 回忆 往昔 真 是 很 愉快</seg></p><p><seg id="595">我 过 得 很 愉快  非常 感谢 你 花 这么 多 时间 陪 我 观光</seg></p><p><seg id="596">噢  我 很 高兴 这样 做  它 给 了 我 一 个 脱离 日常 工作 的 机会 去 做 一些 不同 的 事</seg></p><p><seg id="597">像 你 所 许诺 的 那样 你 会 明年 到 北京 看 我们 吗</seg></p><p><seg id="598">噢  是 的  那 是 我 目前 的 计划</seg></p><p><seg id="599">我们 打算 明年 9 月 初 去</seg></p><p><seg id="600">我们 等 着 你们</seg></p><p><seg id="601">你 好  南方 航空 公司 吗</seg></p><p><seg id="602">我 是 李薇</seg></p><p><seg id="603">我 预订 了 一 张 今天 下午 2 点半 去 北京 的 飞机 票</seg></p><p><seg id="604">是 的  李 小姐  需要 我 帮 什么 忙 吗</seg></p><p><seg id="605">是 这样 的  我 想 把 我 的 航班 改到 明天 早上 9 点 05 分 的  可以 吗</seg></p><p><seg id="606">实在 抱歉  李 小姐  9 点 05 分 那 趟 班机 已 完全 订 满 了</seg></p><p><seg id="607">如果 您 愿意  我 可以 把 你 排 在 等候 名单 上</seg></p><p><seg id="608">但 我 想 确定 一 班 明天 的 飞机</seg></p><p><seg id="609">没 问题  请 稍候</seg></p><p><seg id="610">等候 泛美 航空 公司 飞往 休斯顿 的 217 次 稿 班 退票 的 旅客 埃里克·米勒 请到 候机 服务台</seg></p><p><seg id="611">等待 退票 的 旅客 埃里克·米勒 请到 候机 服务台</seg></p><p><seg id="612">广播 说 的 是 什么</seg></p><p><seg id="613">他们 在 找 一 个 叫 埃里克 什么 的 人</seg></p><p><seg id="614">干 什么</seg></p><p><seg id="615">他 是 一 个 等 退票 的 旅客  应该 到 候机 服务台 去</seg></p><p><seg id="616">还 能 买到 今晚 的 票 吗</seg></p><p><seg id="617">你 可以 要 第一 排 的 随便 哪 一 个 座位</seg></p><p><seg id="618">没有 稍为 便宜 的 票 了 吗</seg></p><p><seg id="619">没有 了  你 要 买 便宜 的 票 恐怕 太 迟 了 些</seg></p><p><seg id="620">你 喜欢 哪 一 种 音乐</seg></p><p><seg id="621">我 喜欢 像 维也纳 华尔兹  民歌 和 一些 乡村 音乐 等</seg></p><p><seg id="622">我 也 喜欢 乡村 音乐  那 是 美国 的 一 种 民间 音乐  对 不 对</seg></p><p><seg id="623">对 的</seg></p><p><seg id="624">现在 音乐 响 起来 了  请 和 我 跳舞 好 吗</seg></p><p><seg id="625">好 的  我 想 你 常 跳舞 吧</seg></p><p><seg id="626">不  说 老 实话  我 好久 没有 跳 了</seg></p><p><seg id="627">可是 你 跳 得 真棒</seg></p><p><seg id="628">我 要 订 两 张 明天 的 票</seg></p><p><seg id="629">你 要 不 要 正厅 前排 的 票</seg></p><p><seg id="630">我 估计 没有 再 后面 一点 的 座位 了  是 吗</seg></p><p><seg id="631">没有 了  要 不 你 看 日场 的 吧</seg></p><p><seg id="632">这 故事 太 伤感 了</seg></p><p><seg id="633">说 实话  我 当时 也 是 泪盈盈 的</seg></p><p><seg id="634">那 老 人 的 角色 演得 真 不错</seg></p><p><seg id="635">摇滚乐 的 节拍 很 强</seg></p><p><seg id="636">说 实话  我 不 太 习惯 这 种 音乐</seg></p><p><seg id="637">这 音乐厅 的 音响 效果 很 好</seg></p><p><seg id="638">是 的  我 也 这么 认为</seg></p><p><seg id="639">还 有 今天 夜场 的 票 吗</seg></p><p><seg id="640">楼座 前排 还 比较 空</seg></p><p><seg id="641">有 包厢 吗</seg></p><p><seg id="642">没有  恐怕 那 是 仅 有 的 空位 了</seg></p><p><seg id="643">你 觉得 我 的 发型 怎么样</seg></p><p><seg id="644">换 个 发型  行吗</seg></p><p><seg id="645">麻烦 您 一下  到 花旗 银行 怎么 走</seg></p><p><seg id="646">离 这儿 有 两 三 个 街区</seg></p><p><seg id="647">走 着 去 需要 多 长 时间</seg></p><p><seg id="648">大约 15 分钟</seg></p><p><seg id="649">这 是 去 邮局 的 路 吗</seg></p><p><seg id="650">从 这儿 走 可以 到  但 从 华尔街 走 更 近</seg></p><p><seg id="651">华尔街 在 哪儿</seg></p><p><seg id="652">下 一 条 街 就 是</seg></p><p><seg id="653">珍妮  下午 好</seg></p><p><seg id="654">真 没 想到 会 碰到 你</seg></p><p><seg id="655">是 啊  像 这样 碰面 真 有趣</seg></p><p><seg id="656">怎么样  今天 这 大半天 过 得 还 好 吗</seg></p><p><seg id="657">很 好  没什么 特别 的  只是 自我 享受 一下 罢 了</seg></p><p><seg id="658">你 有 时间 吗</seg></p><p><seg id="659">我们 可以 一起 喝 杯 咖啡 吗</seg></p><p><seg id="660">可以  不过 我 不 能 呆 太 久</seg></p><p><seg id="661">请 问 怎样 才 能 到 宏大 影院 呢</seg></p><p><seg id="662">在 帕克 大街</seg></p><p><seg id="663">步行 去 太 远 了  最好 坐 公共 汽车</seg></p><p><seg id="664">坐 几 路 公共 汽车</seg></p><p><seg id="665">2 路</seg></p><p><seg id="666">请 问  售票处 在 哪里</seg></p><p><seg id="667">就 在 这 栋 房子 外面</seg></p><p><seg id="668">出去 后 向右 拐  步行 50 步</seg></p><p><seg id="669">那 栋 灰色 的 砖房 就 是</seg></p><p><seg id="670">我 想 外面 有 牌子 吧</seg></p><p><seg id="671">有的  上面 写 着 英语 和 汉语</seg></p><p><seg id="672">我们 的 招聘 广告 要求 这个 职位 的 应聘者 具备 相当 的 英语 水平  你 认为 你 的 书面 英语 和 口语 能力 怎样</seg></p><p><seg id="673">在 上 大学 时  我 上 过 商业 英语 写作 课  成绩 是 百分制 的 94 分  相当于 4 分制 的 3.95 分</seg></p><p><seg id="674">你 也 可以 从 我 的 申请 材料 中 对 我 的 书面 英语 作 一 个 评估</seg></p><p><seg id="675">这儿 有 我 TOEFL  GRE 和 BEC 成绩单 的 复印件 供 你 参考</seg></p><p><seg id="676">至于 口语  我 想 是 可以 的</seg></p><p><seg id="677">去年  我 还 代表 弗里曼 公司 与 一 澳大利亚 客户 谈 了 笔 业务</seg></p><p><seg id="678">你 有 没 有 这 方面 的 工作 经验</seg></p><p><seg id="679">只有 打工 实习 的 经验</seg></p><p><seg id="680">这 两 年  我 一直 都 在 宾馆 打工  当 招待员  服务员 或 助手  学到 了 许多 与 人 打交道 的 技巧</seg></p><p><seg id="681">我 毕业 实习 时  在 白天 鹅 宾馆 当 客房部 一 位 经理 的 助手</seg></p><p><seg id="682">顾客 对 我 的 工作 非常 满意  一些 顾客 还 给 我 的 学校 写 了 感谢信</seg></p><p><seg id="683">你 干 过 什么 工作</seg></p><p><seg id="684">我 一 毕业 就 在 一 家 外商 机构 做 业务 协调员  然后 到 一 家 合资 企业 担任 销售 经理</seg></p><p><seg id="685">所以  我 对 中国 的 电子 仪器 市场 特别 熟悉</seg></p><p><seg id="686">你 在 简历 中 说  你 曾 在 东方 公司 当 过 秘书</seg></p><p><seg id="687">可否 说说 你 具体 干 了 些 什么</seg></p><p><seg id="688">安排 全体 职员 会议 和 各 种 议式 日程  为 总经理 撰写 信函  然后 由 他 签名  还 干些 办公室 的 日常 琐事</seg></p><p><seg id="689">你 为什么 对 本 公司 工作 感 兴趣</seg></p><p><seg id="690">我 在 中学 时 对 计算机 就 有 浓厚 的 兴趣  还 设计 过 些 程序  获得 了 老师 的 好评</seg></p><p><seg id="691">我 上 大学 时 主修 计算机 程序 设计</seg></p><p><seg id="692">贵 公司 是 世界 上 最 大 的 计算机 生产商 之一  我 希望 在 贵 公司 为 计算机 事业 作出 贡献</seg></p><p><seg id="693">你 空闲 时间 怎么 打发</seg></p><p><seg id="694">我 读读书  游泳  逛商店  也 踢 足球  打 篮球 或 参加 些 类似 的 锻炼 以 保持 身体 健康</seg></p><p><seg id="695">你 现在 干 些 什么 工作</seg></p><p><seg id="696">我 在 一 个 叫 时代 贸易 公司 的 小 公司 任 办公室 主任</seg></p><p><seg id="697">我 在 那 家 公司 没 多 大 机会 晋升  所以 我 现 正 在 寻找 个 晋升 机会 大  更 具有 挑战性 的 工作</seg></p><p><seg id="698">打扰 一下  先生  我 可以 看 一下 您 的 票 吗</seg></p><p><seg id="699">恐怕 我 的 票 丢 了</seg></p><p><seg id="700">很 遗憾  你 得 再 买 1 张</seg></p><p><seg id="701">这 是 哪 一 站</seg></p><p><seg id="702">我 想 是 堪萨斯城</seg></p><p><seg id="703">你 知道 我们 要 在 这儿 停 多久 吗</seg></p><p><seg id="704">我 想 大约 10 分钟 吧</seg></p><p><seg id="705">你 能 借 我们 一 副 扑克牌 吗</seg></p><p><seg id="706">我们 忘记 带 了</seg></p><p><seg id="707">对 不 起  扑克牌 都 借 出去 了</seg></p><p><seg id="708">我们 有 英文 的 杂志 和 画报</seg></p><p><seg id="709">你们 要 几 本 吗</seg></p><p><seg id="710">对 不 起  我 丢 了 一 个 手提包</seg></p><p><seg id="711">您 什么 时候 丢失 的</seg></p><p><seg id="712">我 也 不 清楚</seg></p><p><seg id="713">你 的 包 是 什么 颜色 的</seg></p><p><seg id="714">绿 的  大概 这么 大</seg></p><p><seg id="715">里面 有 些 什么</seg></p><p><seg id="716">我 的 护照  一些 人民币 和 外币</seg></p><p><seg id="717">请 写 下 你 的 姓名 和 国籍</seg></p><p><seg id="718">不 要 急  我们 将 尽 一切 力量 寻找</seg></p><p><seg id="719">我 来 测 一下 你 的 血压</seg></p><p><seg id="720">高压 180  低压 120  恐怕 有点儿 高</seg></p><p><seg id="721">严重 吗</seg></p><p><seg id="722">不 严重  但是 我 觉得 多 吃 蔬菜 少 吃 肉 对 你 健康 有益</seg></p><p><seg id="723">如果 血压 持续 升高 就 危险 了</seg></p><p><seg id="724">布菜克 医生 明天 九点十五 分 左右 能 给 我 看病 吗</seg></p><p><seg id="725">对 不 起  除非 有 预约 取消  到 十一点 为止 他 都 排 满 了</seg></p><p><seg id="726">十二点五十分 行吗</seg></p><p><seg id="727">行  那时 他 有空</seg></p><p><seg id="728">医生  我 想 吐  一点 胃口 也 没有</seg></p><p><seg id="729">你 怀孕 多久 了</seg></p><p><seg id="730">大约 6 个 星期</seg></p><p><seg id="731">这 没 什么  别 紧张  你 会 好 起来 的</seg></p><p><seg id="732">请 问  明天 一早 牙科 医生 能 抽空 给 我 看一下 吗</seg></p><p><seg id="733">恐怕 中午 前 是 办 不 到 了</seg></p><p><seg id="734">十二点四十五分 怎么样</seg></p><p><seg id="735">对 不 起  也 有 安排 了</seg></p><p><seg id="736">我 喜爱 欧洲 的 公园 和 花园</seg></p><p><seg id="737">格林威治 公园 很 可爱  而且 天文台 更 有趣</seg></p><p><seg id="738">您 可以 横跨 在 格林威治 子午线 零度 线 上  使 一 只 脚 在 西半球  一 只 脚 在 东半球</seg></p><p><seg id="739">太 有趣 了  一定 要 照 张相</seg></p><p><seg id="740">大家 瞧  你们 注意 到 我们 身后 的 议会 大厦 和 威斯敏斯特 大 教堂 了 吗</seg></p><p><seg id="741">是 的  一 个 非常 使 人 感 兴趣 的 地方</seg></p><p><seg id="742">英国 的 所有 国王 和 王后 都 在 那里 加冕</seg></p><p><seg id="743">是 的  除了 爱德华 五 世 和 八 世</seg></p><p><seg id="744">并且 很多 著名 人物 包括 国王 和 诗人 都 安葬 在 这里</seg></p><p><seg id="745">的确 是 这样</seg></p><p><seg id="746">噢  我们 现在 一定 是 到 了 市中心</seg></p><p><seg id="747">这里 有 碎片 大厦</seg></p><p><seg id="748">是 的  它 是 英国 现今 最高 的 建筑物</seg></p><p><seg id="749">现在 我们 将 去 伦敦桥  然后 去 伦敦塔</seg></p><p><seg id="750">噢  太 漂亮 了</seg></p><p><seg id="751">太 好看 了</seg></p><p><seg id="752">打扰 一下  小姐  我 想 我 的 耳机 坏 了</seg></p><p><seg id="753">让 我 来 检查 一下  太太</seg></p><p><seg id="754">您 现在 能 听到 什么 声音 了 吗</seg></p><p><seg id="755">是 的  可是 声音 太 响 了</seg></p><p><seg id="756">那么 就 请 您 调 一下 音量 吧</seg></p><p><seg id="757">控制 音量 的 开关 就 在 这儿</seg></p><p><seg id="758">您 想要 鸡肉 还 是 牛肉</seg></p><p><seg id="759">我 想 要 牛肉</seg></p><p><seg id="760">看  您 的 朋友 睡着 了</seg></p><p><seg id="761">没 关系  我 为 他 点菜</seg></p><p><seg id="762">你 知道 罗马 现在 是 几 点 吗</seg></p><p><seg id="763">大约 是 早晨 8 点</seg></p><p><seg id="764">法兰克福 呢</seg></p><p><seg id="765">一样 的</seg></p><p><seg id="766">它们 在 同 一 时区</seg></p><p><seg id="767">你 知道 在 哪 可以 买到 去 从化 温泉 的 公共 汽车票 吗</seg></p><p><seg id="768">知道  长途 汽车 售票窗 就 在 那边</seg></p><p><seg id="769">有 很多 人 在 排队  你 看见 了 吗</seg></p><p><seg id="770">看见 了  我 就 到 那边 去  非常 感谢 你 的 帮助</seg></p><p><seg id="771">能 帮助 你 我 感到 很 高兴</seg></p><p><seg id="772">这 辆 公共 汽车 去 火车站 吗</seg></p><p><seg id="773">不 去  你 到 银行 就 得 下车  转 192 路</seg></p><p><seg id="774">请 告诉 我 在 哪儿 下车</seg></p><p><seg id="775">再 过 两 站</seg></p><p><seg id="776">是 去 滨海区 的 吗</seg></p><p><seg id="777">不  你 乘 错 了  你 要 在 教堂 那儿 乘 143 路</seg></p><p><seg id="778">还 很 远 吗</seg></p><p><seg id="779">就 是 下 一 站</seg></p><p><seg id="780">你 有 什么 要 申报 的 吗</seg></p><p><seg id="781">没有 了  这些 是 给 我 朋友 的 礼物</seg></p><p><seg id="782">也 得 检查 一下</seg></p><p><seg id="783">能 允许 我 把 这些 水果 带 进来 吗</seg></p><p><seg id="784">对 不 起  易 腐烂 的 东西 是 不 允许 带 进来 的</seg></p><p><seg id="785">你 要 在 这里 停留 多久</seg></p><p><seg id="786">3 周</seg></p><p><seg id="787">请 问 你 为何 来 这里</seg></p><p><seg id="788">我 来 这里 出差</seg></p><p><seg id="789">你 从事 哪 一 行</seg></p><p><seg id="790">进口 罐头 食品</seg></p><p><seg id="791">钱红 在 奥运会 的 女子 100 米 蝶泳 比赛 中 获得 冠军  同时 打破 了 该 项目 的 奥运会 纪录</seg></p><p><seg id="792">她 游出 的 成绩 是 多少</seg></p><p><seg id="793">她 游出 了 58 秒 62</seg></p><p><seg id="794">这 也 是 她 个人 最好 成绩</seg></p><p><seg id="795">据说 钱红 作为 游泳 运动员 来说 年龄 偏大</seg></p><p><seg id="796">钱红 21 岁 了  她 的 教练 冯小东 说 对于 一 个 游泳 运动员 来说  21 岁 是 个 不 算 小 的 年龄  由于 身体 又 不 好  两 者 凑 在 一 块  所以 钱红 能 夺得 巴塞罗 奥运会 金牌 实属不易</seg></p><p><seg id="797">钱红 是 中国 游泳 运动员 中 第一 个 进入 世界 前 10 名 的 人</seg></p><p><seg id="798">在 过去 的 5 年 中  她 一直 保持 着 世界 前 10 名 的 水平</seg></p><p><seg id="799">你 想 去 游泳 吗</seg></p><p><seg id="800">游泳</seg></p><p><seg id="801">哦  不  我 怕 水  对 不 起</seg></p><p><seg id="802">那么  我们 可以 做 点儿 别 的</seg></p><p><seg id="803">你 真 是 太 好 了</seg></p><p><seg id="804">请 问  到 伦敦桥 该 上 几号 站台</seg></p><p><seg id="805">上 1 号 站台  九点二十七 分 发车</seg></p><p><seg id="806">到 那儿 是 什么 时候</seg></p><p><seg id="807">路 上 大约 需要 两 小时  所以 你 到 那儿 正好 在 十一点三十分 之前</seg></p><p><seg id="808">要 转车 吗</seg></p><p><seg id="809">不  用 不 着 转车</seg></p><p><seg id="810">太太  您 到 哪儿</seg></p><p><seg id="811">请 给 我 一 张 去 纽约 的 单程票</seg></p><p><seg id="812">太太  您 说 要 买 几 张 票</seg></p><p><seg id="813">一 张</seg></p><p><seg id="814">你 认为 中国 顶尖 举重 运动员 的 水平 如何</seg></p><p><seg id="815">毫 无 疑问 他们 是 世界 上 最 棒 的 运动员</seg></p><p><seg id="816">个别 举重 运动员 是 十分 具有 天赋 的</seg></p><p><seg id="817">你 认为 我们 如何 提高 举重 运动员 的 总体 水平</seg></p><p><seg id="818">第一  中国 应 有 一 项 提高 尖子 运动员 的 区域性 和 全国性 的 集训 制度</seg></p><p><seg id="819">第二  中国 应 有 一 项 培养 青少年 举重 运动员 的 发展 计划  这 可以 鼓励 青少年 参加 举重 运动</seg></p><p><seg id="820">我 想 你 提 的 建议 很 好  尤其是 第二 条 建议  中国 的确 应该 注重 青少年  他们 是 祖国 的 未来</seg></p><p><seg id="821">我 想 取 汇款</seg></p><p><seg id="822">带 证件 了 吗</seg></p><p><seg id="823">这 是 我 的 身份证</seg></p><p><seg id="824">好 的  请 在 这儿 签名</seg></p><p><seg id="825">这 封信 要 寄 挂号</seg></p><p><seg id="826">信里 有 什么 重要 的 东西 吗</seg></p><p><seg id="827">里面 有 一 张 200 元 的 支票 及 一 张 照片</seg></p><p><seg id="828">要 我 开 一 张 收据 吗</seg></p><p><seg id="829">不 用 了  不 用 麻烦</seg></p><p><seg id="830">那 总共 是 65 美分</seg></p><p><seg id="831">女子 举重 比赛 进行 得 怎样</seg></p><p><seg id="832">进展 顺利  有 几 项 亚洲 纪录 被 改写</seg></p><p><seg id="833">谁 成为 今天 比赛 的 新 明星</seg></p><p><seg id="834">来自 湖北 的 关红 成为 焦点 人物  她 在 女子 46 公斤 级 决赛 时 赢得 金牌 并 创造 了 3 项 新 纪录</seg></p><p><seg id="835">今天 有 什么 新闻</seg></p><p><seg id="836">世界 女子 5000 米 纪录 被 打破 了</seg></p><p><seg id="837">谁 打破 的</seg></p><p><seg id="838">我 不 认识 她  但 她 是 个 新手 而且 十分 快</seg></p><p><seg id="839">早上 好  女士们  先生们  欢迎 到 北京 来</seg></p><p><seg id="840">我 是 你们 的 导游  可以 叫 我 小 林</seg></p><p><seg id="841">我们 是 第一 次 来 这里  在 北京 停留 的 短暂 的 期间 就 全 靠 你 了</seg></p><p><seg id="842">北京 是 我 的 故乡  我 对 这 座 城市 实在 是 太 熟悉 了</seg></p><p><seg id="843">我 将 尽力 帮 你们 了解 北京  欣赏 美景  你们 尽管 放心</seg></p><p><seg id="844">要是 能 走遍 北京 所有 的 名胜 该 多 好 啊</seg></p><p><seg id="845">那 当然 好  可是 两 天 时间 恐怕 是 不 够 的</seg></p><p><seg id="846">那  你 说 我们 去 哪儿 好</seg></p><p><seg id="847">今天 上午 我们 去 长城 ； 下午 参观 颐和园 ； 明天 上午 去 故宫 ； 下午 在 市中心 买 东西  我 认为 这 是 最 好 的 路线 了</seg></p><p><seg id="848">我们 的 旅行 全 靠 你 了</seg></p><p><seg id="849">你们 会 玩 得 很 好 的</seg></p><p><seg id="850">那  我们 出发 吧</seg></p><p><seg id="851">我 想 点 些 葡萄酒 佐餐</seg></p><p><seg id="852">好 的  请 从 菜单 上选 一 种  好 吗</seg></p><p><seg id="853">我 想 尝 一 尝 中国 的 酒  有 什么样 的 酒</seg></p><p><seg id="854">先生  菜单 上 所有 中国 酒 都 是 无 甜味 的  请 问 您 要 红 葡萄酒 还是 白 葡萄酒</seg></p><p><seg id="855">红 葡萄酒 好 了</seg></p><p><seg id="856">先生  我 向 您 推荐 玫瑰 红酒</seg></p><p><seg id="857">好吧  那么 给 我 来 半瓶 那 种 酒</seg></p><p><seg id="858">今天 对 在座 的 每 一 位 来说 都 是 个 特殊 的 日子</seg></p><p><seg id="859">现在 让 我 代表 我们 的 总经理 约翰逊 先生 请 大家 跟 我 一起 举杯 祝愿 我们 合资 企业 取得 成功</seg></p><p><seg id="860">干杯</seg></p><p><seg id="861">干杯</seg></p><p><seg id="862">今天 我们 有 3 位 客人 来 吃 午餐</seg></p><p><seg id="863">需要 烧 什么 菜</seg></p><p><seg id="864">烧 猪肉  水煮 马铃薯  油煎 香菇  醋 溜 鱼片 和 火腿 冬瓜 汤</seg></p><p><seg id="865">好 的  甜点 要 准备 什么样 的</seg></p><p><seg id="866">嗯  冰糖 银耳汤</seg></p><p><seg id="867">午餐 要 订 在 几点</seg></p><p><seg id="868">12 点半</seg></p><p><seg id="869">请 把 盐 拿 过来 好 吗</seg></p><p><seg id="870">好 的</seg></p><p><seg id="871">谢谢</seg></p><p><seg id="872">你 要 些 什么</seg></p><p><seg id="873">来 一 杯 淡啤 酒吧</seg></p><p><seg id="874">你 不 想 喝 度数 高 一点 的 酒 吗</seg></p><p><seg id="875">不  谢谢  我 还是 照老 样子 喝 半 品脱 啤酒</seg></p><p><seg id="876">要 什么</seg></p><p><seg id="877">同样 的 请 再 来 一 份</seg></p><p><seg id="878">这 次 要 不 要 来 个 一 品脱</seg></p><p><seg id="879">我 不 宜 喝 那么 多  不过 还 得 谢谢 你</seg></p><p><seg id="880">康科德 车站  有 什么 事 吗</seg></p><p><seg id="881">请 问 礼拜四 有 没有 十点 左右 的 火车 到 亚当斯  如果 有 的话  要 坐 多久 才 到</seg></p><p><seg id="882">有 两 班 火车 : 一 班 是 九点四十分  另 一 班 是 十点二十分</seg></p><p><seg id="883">九点四十 那 班 是 慢 车  十一点 到达 亚当斯 ；</seg></p><p><seg id="884">十点二十 那 班 是 快车  十一点 十分 到</seg></p><p><seg id="885">自由 机场 询问台  有 什么 事 吗</seg></p><p><seg id="886">请 问 绿州 航空 的 001 班机 是否 准时 到达 了</seg></p><p><seg id="887">抱歉  因为 有雾  所以 要 迟 三十 分钟 才 到</seg></p><p><seg id="888">哦  我 知道 了  谢谢</seg></p><p><seg id="889">请 问 你们 兑换 外币 吗</seg></p><p><seg id="890">对 不 起  我们 不 经营 外币</seg></p><p><seg id="891">你 能 告诉 我 在 哪儿 可以 将 美元 换成 英镑 吗</seg></p><p><seg id="892">在 花旗 银行</seg></p><p><seg id="893">对 不 起  你 能 帮 我 换 一些 零 钱 吗</seg></p><p><seg id="894">我 看看 还 有 些 什么  你 换 零 钱 用 来 支付 什么</seg></p><p><seg id="895">我 想 在 这个 售货机 里 买 些 烟</seg></p><p><seg id="896">如果 可以 的话  我 可以 给 你 换 些 10 便士 的</seg></p><p><seg id="897">先生  你 喜欢 什么 发式</seg></p><p><seg id="898">请 别 剪 得 太 多</seg></p><p><seg id="899">洗头 吗</seg></p><p><seg id="900">这 次 不 洗 了  谢谢</seg></p><p><seg id="901">先生  我 该 怎样 为 你 理头</seg></p><p><seg id="902">少 剪 一点</seg></p><p><seg id="903">搽油 吗</seg></p><p><seg id="904">不  我 不 想搽  谢谢</seg></p><p><seg id="905">先生  你 要 点 什么</seg></p><p><seg id="906">两 个 汉堡包  一 份 薯条</seg></p><p><seg id="907">还 要 别 的 吗</seg></p><p><seg id="908">再 来 两 杯 可 乐</seg></p><p><seg id="909">拿走  还是 在 这儿 吃</seg></p><p><seg id="910">在 这儿 吃</seg></p><p><seg id="911">约翰  轮到 你 了</seg></p><p><seg id="912">这 顿 饭 太 棒 了</seg></p><p><seg id="913">很 高兴 你 喜欢</seg></p><p><seg id="914">现在 来 点 冰淇淋 怎么样</seg></p><p><seg id="915">那 太 好 了</seg></p><p><seg id="916">你 住 这儿 多久 了</seg></p><p><seg id="917">让 我 想想  大约 3 年 吧</seg></p><p><seg id="918">我们 真的 很 喜欢</seg></p><p><seg id="919">铃响 了</seg></p><p><seg id="920">双方 都 用 左 直 拳 试探 对方</seg></p><p><seg id="921">马丁 比较 主动  出 拳 更 多</seg></p><p><seg id="922">马丁逼 刘易斯 逼 得 很 紧</seg></p><p><seg id="923">刘易斯 后仰 躲闪</seg></p><p><seg id="924">马丁 打出 一 个 刺拳 和 一 个 组合拳</seg></p><p><seg id="925">刘易斯 低头 躲过  向 外 抵挡  用 右 手 交叉 拳 还击</seg></p><p><seg id="926">就 双方 的 出 拳 速度 来 看  他们 的 训练 水平 很 高</seg></p><p><seg id="927">第二 回合 了</seg></p><p><seg id="928">基本上 说  刘易斯 处于 防守 状态</seg></p><p><seg id="929">快 瞧  刘易斯 用 刺 拳 连续 有效 地 击中 马丁</seg></p><p><seg id="930">马丁 抱住 了 刘易斯 的 手臂</seg></p><p><seg id="931">刘易斯 击中 马丁 腰带 以下 部位</seg></p><p><seg id="932">裁判员 把 他们 分开 了</seg></p><p><seg id="933">他 对 刘易斯 击打 腰带 以下 部位 提出 警告</seg></p><p><seg id="934">刘易斯 被 扣 罚 一 分</seg></p><p><seg id="935">铃响 了</seg></p><p><seg id="936">第二 回合 结束 了</seg></p><p><seg id="937">你 喜欢 跑步 吗</seg></p><p><seg id="938">是  我 喜欢 跑步</seg></p><p><seg id="939">附近 有 跑道 吗</seg></p><p><seg id="940">有  休闲 中心 有 跑道</seg></p><p><seg id="941">你 要 去 慢跑 吗</seg></p><p><seg id="942">好  我 去 拿 跑鞋</seg></p><p><seg id="943">还 有 其他 手续 吗</seg></p><p><seg id="944">据 我 所 知 手续 就 这么 多</seg></p><p><seg id="945">这 是 你 的 护照 和 签证</seg></p><p><seg id="946">当然  你 还 得 拿到 黄皮书  我 是 说 体检 合格证</seg></p><p><seg id="947">请 给 我 结账 好 吗</seg></p><p><seg id="948">账单 要 不 要 开成 两 张</seg></p><p><seg id="949">不 必  一 张 就 行  请 交给 我 吧</seg></p><p><seg id="950">请 问到 帮德街 怎样 走 最 好</seg></p><p><seg id="951">你 要 乘 维多利亚线 到 牛津 广场  再 转 中央线</seg></p><p><seg id="952">我 先 往 哪 走</seg></p><p><seg id="953">下 楼梯 一直 到底  左转弯</seg></p><p><seg id="954">打扰 了  那 个 位子 有 人 坐 吗</seg></p><p><seg id="955">没有</seg></p><p><seg id="956">我 把 我 的 东西 拿开</seg></p><p><seg id="957">谢谢  我 叫 戴西  戴 西·史密斯</seg></p><p><seg id="958">很 高兴 认识 您  戴 西  我 叫 埃伦·希尔</seg></p><p><seg id="959">您 觉得 这 家 自助 餐厅 如何</seg></p><p><seg id="960">不错</seg></p><p><seg id="961">品种 繁多  美味可口</seg></p><p><seg id="962">请 替 我 干洗  明天 下午 可以 取回 吗</seg></p><p><seg id="963">对 不 起  最早 也 要 明晚 六点</seg></p><p><seg id="964">请 问 可否 快 一点</seg></p><p><seg id="965">我 明天 早一点 的 时候 就 要 穿</seg></p><p><seg id="966">我 会 尽快  你 可以 明天 中午 来 电话 看看 衣服 洗 好 没有</seg></p><p><seg id="967">谢谢</seg></p><p><seg id="968">你们 做工 要 多少 钱</seg></p><p><seg id="969">我们 做 一 套 服装 的 价格 是 120 美元</seg></p><p><seg id="970">你们 有 什么 衣料</seg></p><p><seg id="971">我们 有 亚麻  棉布  呢绒  华达呢  丝绸 等等</seg></p><p><seg id="972">所罗门  你 认为 马术 比赛 有 哪些 独到 之 处</seg></p><p><seg id="973">男女 可以 平等 地 参赛  以及 骑手 与 赛马 之间 的 沟涌 与 和谐</seg></p><p><seg id="974">但 几乎 所有 的 奥运 项目 都 是 男女 平等 的 呀</seg></p><p><seg id="975">对于 马术 来说 又 有 什么 特别 的 呢</seg></p><p><seg id="976">马术 是 奥运 比赛 中 唯一 一 种 没有 规定 哪些 项目 女子 能 参加 或 哪些 项目 女子 不 能 参加 的 运动</seg></p><p><seg id="977">甚至 团体赛 项目 的 任何 一 个 队 都 可以 既 有 男性 又 有 女性</seg></p><p><seg id="978">这 是 一 项 真正 平等 的 规定  确实 很 独特</seg></p><p><seg id="979">马术 另 一 独特 之 处 是 强调人 与 动物 之间 的 和谐 关系</seg></p><p><seg id="980">不管是 盛装 舞步  障碍赛 还是 三 日 赛  骑手 和 赛马 只有 很 好 地 合作  才 能 以 得好 成绩</seg></p><p><seg id="981">说 得对</seg></p><p><seg id="982">骑手 和 赛马 如果 缺乏 沟通 和 默契  就 不 可能 做出 堪 与 优雅 的 芭蕾 表演 媲美 的 动作</seg></p><p><seg id="983">还有  马 在 障碍物 前 也 有 可能 会 拒绝 跳跃  甚至 脱逃</seg></p><p><seg id="984">另外  马术 规则 对 “ 跌落  跌倒 ” 是 如何 定义 的</seg></p><p><seg id="985">骑手 如果 与 赛马 脱离 开来 就算 是 跌落</seg></p><p><seg id="986">赛马 如果 肩 与 臀同时 着地 就算 是 跌倒</seg></p><p><seg id="987">我 想 对于 跌落 或 跌倒 总 会 有 一定 罚 分 的</seg></p><p><seg id="988">总 成绩 将 会 因此 而 降低</seg></p><p><seg id="989">警官  我 想 报案</seg></p><p><seg id="990">我 正 从 银行 往家 走  突然  不 知 从 什么 地方 蹿出 一 个 人  那 人 打 了 我 的 头部  还 抢走 了 我 的 手提包</seg></p><p><seg id="991">你 能 描述 一下 袭击 你 的 那 个 人 吗</seg></p><p><seg id="992">又 高 又胖  穿 着 黑 夹克 蓝 牛仔裤</seg></p><p><seg id="993">他 还 戴 着 面具</seg></p><p><seg id="994">请 加满 无铅 高级 汽油</seg></p><p><seg id="995">马上 好</seg></p><p><seg id="996">您 能 帮 我 检查 一下 胎 压 吗</seg></p><p><seg id="997">当然 可以</seg></p></doc></refset></mteval>